<?xml version="1.0" encoding="UTF-8"?> 
<services-config> 
    <services> 
        <service id="amfphp-flashremoting-service" class="flex.messaging.services.RemotingService" messageTypes="flex.messaging.messages.RemotingMessage"> 
            <destination id="zend"> 
                <channels> 
                    <channel ref="my-zend"/> 
                </channels> 
                <properties> 
                    <source>*</source> 
                </properties> 
            </destination> 
        </service> 
    </services> 
    <channels> 
        <channel-definition id="my-zend" class="mx.messaging.channels.AMFChannel"> 
            <endpoint uri="http://localhost/zendamf_remote/" class="flex.messaging.endpoints.AMFEndpoint"/> 
        </channel-definition> 
    </channels> 
</services-config> 