<?xml version="1.0" encoding="utf-8"?>
<install type="module" version="1.5.0">
	<name>Archived Content Plus</name>
	<author>Theo van der Sluijs</author>
	<creationDate>Februari 2008</creationDate>
	<copyright>(C) 2008 Theo van der Sluijs / IamboredsoIblog.eu</copyright>
	<license>http://creativecommons.org/licenses/by-nc-sa/3.0/nl/</license>
	<authorEmail>info@IamboredsoIblog.eu</authorEmail>
	<authorUrl>www.IamboredsoIblog.eu</authorUrl>
	<version>1.5.3</version>
	<description>Module for showing archives the Wordpress Way</description>
	<files>
		<filename >mod_archiveplus.xml</filename>
		<filename module="mod_archiveplus">mod_archiveplus.php</filename>
		<filename module="mod_archiveplus">helper.php</filename>
		<filename module="mod_archiveplus">index.html</filename>
		<filename module="mod_archiveplus">tmpl/default.php</filename>
		<filename module="mod_archiveplus">tmpl/index.html</filename>
		<filename module="mod_archiveplus">images/triangle_ltr.gif</filename>
    <filename module="mod_archiveplus">images/triangle_open.gif</filename>
	</files>
	<params>
		<param name="ordering" type="list" default="1" label="Ordering" description="Select whether to order with latest first or oldest first">
			<option value="1">Latest first</option>
			<option value="0">Oldest first</option>
		</param>      
		<param name="moduleclass_sfx" type="text" default="" label="Module Class Suffix" description="PARAMMODULECLASSSUFFIX" />
	</params>
	<params group="advanced">
		<param name="cache" type="list" default="1" label="Caching" description="Select whether to cache the content of this module">
			<option value="1">Use global</option>
			<option value="0">No caching</option>
		</param>
	</params>
</install>
