<?xml version="1.0" encoding="UTF-8"?>
<!-- Dit is een exportbestand van een fragment gegenereerd door de Code Snippets WordPress plugin. -->
<!-- https://wordpress.org/plugins/code-snippets -->
<!-- Om deze fragmenten te importeren in een WordPress website gaat u als volgt te werk: -->
<!-- 1. Log in als beheerder op de website. -->
<!-- 2. Installeer de Code Snippets plugin volgens de instructies beschreven in de bovenstaande link. -->
<!-- 3. Ga naar 'Extra: Importeren' in het WordPress beheergedeelte. -->
<!-- 4. Klik op de "Code Snippets" link. -->
<!-- 5. Upload dit bestand met behulp van het formulier op die pagina. -->
<!-- 6. Code Snippets zal vervolgens alle fragmenten en de bijbehorende gegevens in dit bestand importeren in uw website. -->
<!-- 7. You will then have to visit the 'Snippets: All Snippets' admin menu and activate desired snippets. -->
<!-- generator="Code Snippets/2.8.2" created="2017-04-22 14:16" -->
<snippets>
  <snippet scope="2">
    <name>pinterest opengraph</name>
    <desc>This snippets adds opengraph extra meta tags for pinterest, facebook and twitter.&#13;
&#13;
Works with the yoast seo tool!</desc>
    <tags></tags>
    <code>add_action('wp_head','hook_woometa');&#13;
&#13;
function hook_woometa() {&#13;
  $output = "";&#13;
  #check if this is a product &#13;
  if ( is_woocommerce() &amp;&amp; is_product() ){&#13;
&#13;
	$product = new WC_Product(get_the_ID()); &#13;
	$currency = get_woocommerce_currency();&#13;
	$regular_price = $product-&gt;get_regular_price();&#13;
	$price = $product-&gt;get_price();&#13;
	$weight = $product-&gt;get_weight();&#13;
	$sales_price = $product-&gt;get_sale_price();&#13;
	$price_ex_tax = wc_get_price_excluding_tax($product);&#13;
&#13;
	&#13;
	$output .="&lt;!-- This part is generated by a snippet you can find on http://vandersluijs.nl --&gt;\n";&#13;
	$output .= "&lt;meta property='product:original_price:amount' content='{$regular_price}' /&gt;\n";&#13;
	$output .= "&lt;meta property='product:original_price:currency' content='{$currency}' /&gt;\n";&#13;
	&#13;
	$output .= "&lt;meta property='product:pretax_price:amount' content='{$price_ex_tax}' /&gt;\n";&#13;
	$output .= "&lt;meta property='product:pretax_price:currency' content='{$currency}' /&gt;\n";	&#13;
	&#13;
	$output .= "&lt;meta property='product:price:amount'content='{$price}' /&gt;\n";&#13;
&#13;
	$output .= "&lt;meta property='product:price:currency'content='{$currency}' /&gt;\n";&#13;
&#13;
	$output .= ($weight &gt; 0) ? "&lt;meta property='product:weight:value'content='{$weight}' /&gt;\n" : "" ;&#13;
	&#13;
	if($product-&gt;is_on_sale()){&#13;
		$output .= ($sales_price &gt; 0) ? "&lt;meta property='product:sale_price:amount' content='{$sales_price}' /&gt;\n" : "" ;&#13;
		$output .= "&lt;meta property='product:sale_price:currency' content='{$currency}' /&gt;\n";&#13;
	}&#13;
  	$output .="&lt;!-- End of snippet by http://vandersluijs.nl --&gt;\n";&#13;
  }&#13;
  echo $output;&#13;
}&#13;
&#13;
&#13;
</code>
  </snippet>
</snippets>
